CODIGO,DESCRIPCION,URL_QR
FIAS.00.01.001,SILLON MILANO 2 CUERPOS,https://fias-activos.github.io/consulta/?codigo=FIAS.00.01.001
FIAS.01.02.010,RADIO GRABADORA,https://fias-activos.github.io/consulta/?codigo=FIAS.01.02.010
FIAS.03.03.026,IMPRESORA MATRICIAL,https://fias-activos.github.io/consulta/?codigo=FIAS.03.03.026
FIAS.04.01.003,ESTANTERIA METALICA REGULABLES,https://fias-activos.github.io/consulta/?codigo=FIAS.04.01.003
FIAS.04.01.004,ESTANTERIA METALICA REGULABLES,https://fias-activos.github.io/consulta/?codigo=FIAS.04.01.004
FIAS.04.01.005,ESTANTERIA METALICA REGULABLES,https://fias-activos.github.io/consulta/?codigo=FIAS.04.01.005
FIAS.04.01.006,ESTANTERIA METALICA REGULABLES,https://fias-activos.github.io/consulta/?codigo=FIAS.04.01.006
FIAS.06.01.002.1,ESTANTERIA METALICA,https://fias-activos.github.io/consulta/?codigo=FIAS.06.01.002.1
FIAS.06.01.002.2,ESTANTERIA METALICA,https://fias-activos.github.io/consulta/?codigo=FIAS.06.01.002.2
FIAS.06.01.002.3,ESTANTERIA METALICA,https://fias-activos.github.io/consulta/?codigo=FIAS.06.01.002.3
FIAS.10.03.009,SERVIDOR,https://fias-activos.github.io/consulta/?codigo=FIAS.10.03.009
FIAS.10.03.010,SERVIDOR,https://fias-activos.github.io/consulta/?codigo=FIAS.10.03.010
FIAS.14.01.019,PERCHERO,https://fias-activos.github.io/consulta/?codigo=FIAS.14.01.019
FIAS.14.01.007,ESTANTERIA METALICA,https://fias-activos.github.io/consulta/?codigo=FIAS.14.01.007
FIAS.14.01.021,BIBLIOTECA VERSALLES,https://fias-activos.github.io/consulta/?codigo=FIAS.14.01.021
FIAS.14.01.023,PIZARRA T/L 240 X 120 MAGNETICA,https://fias-activos.github.io/consulta/?codigo=FIAS.14.01.023
FIAS.01.02.011,HORNO MICROONDAS,https://fias-activos.github.io/consulta/?codigo=FIAS.01.02.011
FIAS.15.01.022,SILLA DE RUEDAS,https://fias-activos.github.io/consulta/?codigo=FIAS.15.01.022
FIAS.13.03.014,FIREWALL,https://fias-activos.github.io/consulta/?codigo=FIAS.13.03.014
FIAS.16.01.020,PERCHERO,https://fias-activos.github.io/consulta/?codigo=FIAS.16.01.020
FIAS.18.03.016,UPS,https://fias-activos.github.io/consulta/?codigo=FIAS.18.03.016
FIAS.18.03.017,UPS,https://fias-activos.github.io/consulta/?codigo=FIAS.18.03.017
FIAS.18.02.39,TELEFONO,https://fias-activos.github.io/consulta/?codigo=FIAS.18.02.39
FIAS.18.02.44,SWITCH,https://fias-activos.github.io/consulta/?codigo=FIAS.18.02.44
FIAS.18.02.49,ALARMA,https://fias-activos.github.io/consulta/?codigo=FIAS.18.02.49
FIAS.18.02.12,TELEFONO M/L,https://fias-activos.github.io/consulta/?codigo=FIAS.18.02.12
FIAS.18.02.13,TELEFONO M/L,https://fias-activos.github.io/consulta/?codigo=FIAS.18.02.13
FIAS.18.02.14,TELEFONO M/L,https://fias-activos.github.io/consulta/?codigo=FIAS.18.02.14
FIAS.18.02.15,TELEFONO M/L,https://fias-activos.github.io/consulta/?codigo=FIAS.18.02.15
FIAS.18.02.16,TELEFONO M/L,https://fias-activos.github.io/consulta/?codigo=FIAS.18.02.16
FIAS.18.02.17,TELEFONO M/L,https://fias-activos.github.io/consulta/?codigo=FIAS.18.02.17
FIAS.18.02.18,TELEFONO M/L,https://fias-activos.github.io/consulta/?codigo=FIAS.18.02.18
FIAS.18.02.19,TELEFONO M/L,https://fias-activos.github.io/consulta/?codigo=FIAS.18.02.19
FIAS.18.02.20,TELEFONO M/L,https://fias-activos.github.io/consulta/?codigo=FIAS.18.02.20
FIAS.18.02.21,TELEFONO M/L,https://fias-activos.github.io/consulta/?codigo=FIAS.18.02.21
FIAS.18.02.22,TELEFONO M/L,https://fias-activos.github.io/consulta/?codigo=FIAS.18.02.22
FIAS.18.02.26,TELEFONO,https://fias-activos.github.io/consulta/?codigo=FIAS.18.02.26
FIAS.18.02.27,TELEFONO,https://fias-activos.github.io/consulta/?codigo=FIAS.18.02.27
FIAS.18.02.28,TELEFONO,https://fias-activos.github.io/consulta/?codigo=FIAS.18.02.28
FIAS.18.02.29,TELEFONO,https://fias-activos.github.io/consulta/?codigo=FIAS.18.02.29
FIAS.18.02.30,TELEFONO,https://fias-activos.github.io/consulta/?codigo=FIAS.18.02.30
FIAS.18.02.31,TELEFONO,https://fias-activos.github.io/consulta/?codigo=FIAS.18.02.31
FIAS.18.02.32,TELEFONO,https://fias-activos.github.io/consulta/?codigo=FIAS.18.02.32
FIAS.18.02.33,TELEFONO,https://fias-activos.github.io/consulta/?codigo=FIAS.18.02.33
FIAS.18.02.34,TELEFONO,https://fias-activos.github.io/consulta/?codigo=FIAS.18.02.34
FIAS.18.02.35,TELEFONO,https://fias-activos.github.io/consulta/?codigo=FIAS.18.02.35
FIAS.18.02.36,TELEFONO,https://fias-activos.github.io/consulta/?codigo=FIAS.18.02.36
FIAS.18.02.37,TELEFONO,https://fias-activos.github.io/consulta/?codigo=FIAS.18.02.37
FIAS.18.02.38,TELEFONO,https://fias-activos.github.io/consulta/?codigo=FIAS.18.02.38
FIAS.18.02.40,TELEFONO,https://fias-activos.github.io/consulta/?codigo=FIAS.18.02.40
FIAS.18.02.45,RACK,https://fias-activos.github.io/consulta/?codigo=FIAS.18.02.45
FIAS.18.02.46,CENTRAL TELEFONICA,https://fias-activos.github.io/consulta/?codigo=FIAS.18.02.46
FIAS.18.02.47,JACK MODULAR,https://fias-activos.github.io/consulta/?codigo=FIAS.18.02.47
FIAS.18.02.48,PACH PANEL,https://fias-activos.github.io/consulta/?codigo=FIAS.18.02.48
FIAS.18.02.50,CONTROL BIOMETRICO,https://fias-activos.github.io/consulta/?codigo=FIAS.18.02.50
FIAS.18.04.001,TOYOTA FORTUNER,https://fias-activos.github.io/consulta/?codigo=FIAS.18.04.001
FIAS.18.04.002,ACCESORIOS TOYOTA,https://fias-activos.github.io/consulta/?codigo=FIAS.18.04.002
FIAS.18.03.007,COMPUTADOR + MONITOR,https://fias-activos.github.io/consulta/?codigo=FIAS.18.03.007
FIAS.18.03.018,COMPUTADOR + MONITOR,https://fias-activos.github.io/consulta/?codigo=FIAS.18.03.018
FIAS.18.03.019,COMPUTADOR + MONITOR,https://fias-activos.github.io/consulta/?codigo=FIAS.18.03.019
FIAS.18.03.020,COMPUTADOR + MONITOR,https://fias-activos.github.io/consulta/?codigo=FIAS.18.03.020
FIAS.18.03.021,COMPUTADOR + MONITOR,https://fias-activos.github.io/consulta/?codigo=FIAS.18.03.021
FIAS.18.03.022,COMPUTADOR + MONITOR,https://fias-activos.github.io/consulta/?codigo=FIAS.18.03.022
FIAS.18.03.023,COMPUTADOR + MONITOR,https://fias-activos.github.io/consulta/?codigo=FIAS.18.03.023
FIAS.18.03.008,COMPUTADOR + MONITOR,https://fias-activos.github.io/consulta/?codigo=FIAS.18.03.008
FIAS.18.03.027,COMPUTADOR PORTATIL,https://fias-activos.github.io/consulta/?codigo=FIAS.18.03.027
FIAS.20.03.028,DESTRUCTORA DE PAPEL,https://fias-activos.github.io/consulta/?codigo=FIAS.20.03.028
FIAS.18.03.024,COMPUTADOR PORTATIL,https://fias-activos.github.io/consulta/?codigo=FIAS.18.03.024
FIAS.18.03.026,IMPRESORA MATRICIAL,https://fias-activos.github.io/consulta/?codigo=FIAS.18.03.026
FIAS.18.03.025,IMPRESORA MATRICIAL,https://fias-activos.github.io/consulta/?codigo=FIAS.18.03.025
FIAS.18.03.006,IMPRESORA MULTIFUNCIÓN,https://fias-activos.github.io/consulta/?codigo=FIAS.18.03.006
FIAS.18.01.073,VIDRIO DIVISORIO,https://fias-activos.github.io/consulta/?codigo=FIAS.18.01.073
FIAS.18.01.024,ESTACIÓN GERENCIAL OTZI,https://fias-activos.github.io/consulta/?codigo=FIAS.18.01.024
FIAS.18.01.025,CREDENZA GERENCIAL LÍNEA BE.,https://fias-activos.github.io/consulta/?codigo=FIAS.18.01.025
FIAS.18.01.026,MESA DE REUNIONES REDONDA,https://fias-activos.github.io/consulta/?codigo=FIAS.18.01.026
FIAS.18.01.027,ESCRITORIO OPERATIVO EN L. LÍNEA BE.,https://fias-activos.github.io/consulta/?codigo=FIAS.18.01.027
FIAS.18.01.029,ESCRITORIO OPERATIVO EN L. LÍNEA BE.,https://fias-activos.github.io/consulta/?codigo=FIAS.18.01.029
FIAS.18.01.030,ESCRITORIO OPERATIVO EN L. LÍNEA BE.,https://fias-activos.github.io/consulta/?codigo=FIAS.18.01.030
FIAS.18.01.031,ESCRITORIO OPERATIVO EN L. LÍNEA BE.,https://fias-activos.github.io/consulta/?codigo=FIAS.18.01.031
FIAS.18.01.032,ESCRITORIO OPERATIVO EN L. LÍNEA BE.,https://fias-activos.github.io/consulta/?codigo=FIAS.18.01.032
FIAS.18.01.033,ESCRITORIO OPERATIVO EN L. LÍNEA BE.,https://fias-activos.github.io/consulta/?codigo=FIAS.18.01.033
FIAS.18.01.034,ESCRITORIO OPERATIVO EN L. LÍNEA BE.,https://fias-activos.github.io/consulta/?codigo=FIAS.18.01.034
FIAS.19.03.028,COMPUTADOR PORTATIL,https://fias-activos.github.io/consulta/?codigo=FIAS.19.03.028
FIAS.18.01.035,ESCRITORIO OPERATIVO EN L. LÍNEA BE.,https://fias-activos.github.io/consulta/?codigo=FIAS.18.01.035
FIAS.18.01.036,ESCRITORIO OPERATIVO EN L. LÍNEA BE.,https://fias-activos.github.io/consulta/?codigo=FIAS.18.01.036
FIAS.18.01.037,ESCRITORIO OPERATIVO EN L. LÍNEA BE.,https://fias-activos.github.io/consulta/?codigo=FIAS.18.01.037
FIAS.18.01.038,ESCRITORIO OPERATIVO EN L. LÍNEA BE.,https://fias-activos.github.io/consulta/?codigo=FIAS.18.01.038
FIAS.18.01.039,CREDENZA 3 PUERTAS,https://fias-activos.github.io/consulta/?codigo=FIAS.18.01.039
FIAS.18.01.040,CREDENZA 3 PUERTAS,https://fias-activos.github.io/consulta/?codigo=FIAS.18.01.040
FIAS.18.01.041,CREDENZA 3 PUERTAS,https://fias-activos.github.io/consulta/?codigo=FIAS.18.01.041
FIAS.18.01.042,BIBLIOTECA 4 PUERTAS,https://fias-activos.github.io/consulta/?codigo=FIAS.18.01.042
FIAS.18.01.043,BIBLIOTECA 4 PUERTAS,https://fias-activos.github.io/consulta/?codigo=FIAS.18.01.043
FIAS.18.01.044,BARRA DE CAFETERÍA,https://fias-activos.github.io/consulta/?codigo=FIAS.18.01.044
FIAS.18.01.045,MUEBLE PARA REFRIGERADOR,https://fias-activos.github.io/consulta/?codigo=FIAS.18.01.045
FIAS.18.01.011,CREDENZA 3 PUERTAS,https://fias-activos.github.io/consulta/?codigo=FIAS.18.01.011
FIAS.18.01.046,CREDENZA 3 PUERTAS,https://fias-activos.github.io/consulta/?codigo=FIAS.18.01.046
FIAS.18.01.047,CREDENZA 3 PUERTAS,https://fias-activos.github.io/consulta/?codigo=FIAS.18.01.047
FIAS.18.01.048,CREDENZA 3 PUERTAS,https://fias-activos.github.io/consulta/?codigo=FIAS.18.01.048
FIAS.18.01.049,CREDENZA 3 PUERTAS,https://fias-activos.github.io/consulta/?codigo=FIAS.18.01.049
FIAS.18.01.050,CREDENZA 3 PUERTAS,https://fias-activos.github.io/consulta/?codigo=FIAS.18.01.050
FIAS.18.01.051,CREDENZA 3 PUERTAS,https://fias-activos.github.io/consulta/?codigo=FIAS.18.01.051
FIAS.18.01.052,CREDENZA 2 PUERTAS,https://fias-activos.github.io/consulta/?codigo=FIAS.18.01.052
FIAS.18.01.053,CREDENZA 2 PUERTAS,https://fias-activos.github.io/consulta/?codigo=FIAS.18.01.053
FIAS.18.01.054,MESA REUNIONES MEDIANA,https://fias-activos.github.io/consulta/?codigo=FIAS.18.01.054
FIAS.18.01.055,MESA REUNIONES GRANDE,https://fias-activos.github.io/consulta/?codigo=FIAS.18.01.055
FIAS.18.01.056,SILLA MANILA,https://fias-activos.github.io/consulta/?codigo=FIAS.18.01.056
FIAS.18.01.057,SILLA MANILA,https://fias-activos.github.io/consulta/?codigo=FIAS.18.01.057
FIAS.18.01.058,SILLA MANILA,https://fias-activos.github.io/consulta/?codigo=FIAS.18.01.058
FIAS.18.01.059,SILLA MANILA,https://fias-activos.github.io/consulta/?codigo=FIAS.18.01.059
FIAS.18.01.060,SILLA MANILA,https://fias-activos.github.io/consulta/?codigo=FIAS.18.01.060
FIAS.18.01.061,SILLA MANILA,https://fias-activos.github.io/consulta/?codigo=FIAS.18.01.061
FIAS.18.01.062,SILLA MANILA,https://fias-activos.github.io/consulta/?codigo=FIAS.18.01.062
FIAS.18.01.063,SILLA MANILA,https://fias-activos.github.io/consulta/?codigo=FIAS.18.01.063
FIAS.18.01.064,SILLA MANILA,https://fias-activos.github.io/consulta/?codigo=FIAS.18.01.064
FIAS.18.01.065,SILLA MANILA,https://fias-activos.github.io/consulta/?codigo=FIAS.18.01.065
FIAS.18.01.066,SILLA MANILA,https://fias-activos.github.io/consulta/?codigo=FIAS.18.01.066
FIAS.18.01.067,SILLA MANILA,https://fias-activos.github.io/consulta/?codigo=FIAS.18.01.067
FIAS.18.01.068,ESTACIÓN DE TRABAJO PARA 2 PERSONAS,https://fias-activos.github.io/consulta/?codigo=FIAS.18.01.068
FIAS.18.01.069,ESTACIÓN DE TRABAJO PARA 4 PERSONAS,https://fias-activos.github.io/consulta/?codigo=FIAS.18.01.069
FIAS.18.01.070,ESTACIÓN DE TRABAJO PARA 4 PERSONAS,https://fias-activos.github.io/consulta/?codigo=FIAS.18.01.070
FIAS.18.01.071,MESA DE TRABAJO,https://fias-activos.github.io/consulta/?codigo=FIAS.18.01.071
FIAS.18.01.009,MAMPARA DE ALUMINIO,https://fias-activos.github.io/consulta/?codigo=FIAS.18.01.009
FIAS.18.01.072,SISTEMA DE ARCHIVACIÓN,https://fias-activos.github.io/consulta/?codigo=FIAS.18.01.072
FIAS.18.01.074,SILLA BRIDGE,https://fias-activos.github.io/consulta/?codigo=FIAS.18.01.074
FIAS.18.01.075,SILLA HAIR-GIREVOLE,https://fias-activos.github.io/consulta/?codigo=FIAS.18.01.075
FIAS.18.01.076,SILLA HAIR-GIREVOLE,https://fias-activos.github.io/consulta/?codigo=FIAS.18.01.076
FIAS.18.01.077,SILLA HAIR-GIREVOLE,https://fias-activos.github.io/consulta/?codigo=FIAS.18.01.077
FIAS.18.01.078,SILLA HAIR-GIREVOLE,https://fias-activos.github.io/consulta/?codigo=FIAS.18.01.078
FIAS.18.01.079,SILLA OPERATIVA 2,https://fias-activos.github.io/consulta/?codigo=FIAS.18.01.079
FIAS.18.01.080,SILLA OPERATIVA 2,https://fias-activos.github.io/consulta/?codigo=FIAS.18.01.080
FIAS.18.01.081,SILLA OPERATIVA 2,https://fias-activos.github.io/consulta/?codigo=FIAS.18.01.081
FIAS.18.01.082,SILLA OPERATIVA 2,https://fias-activos.github.io/consulta/?codigo=FIAS.18.01.082
FIAS.18.01.083,SILLA OPERATIVA 2,https://fias-activos.github.io/consulta/?codigo=FIAS.18.01.083
FIAS.18.01.084,SILLA OPERATIVA 2,https://fias-activos.github.io/consulta/?codigo=FIAS.18.01.084
FIAS.18.01.085,SILLA OPERATIVA 2,https://fias-activos.github.io/consulta/?codigo=FIAS.18.01.085
FIAS.18.01.086,SILLA OPERATIVA 2,https://fias-activos.github.io/consulta/?codigo=FIAS.18.01.086
FIAS.18.01.087,SILLA OPERATIVA 2,https://fias-activos.github.io/consulta/?codigo=FIAS.18.01.087
FIAS.18.01.088,SILLA OPERATIVA 2,https://fias-activos.github.io/consulta/?codigo=FIAS.18.01.088
FIAS.18.01.089,SILLA OPERATIVA 2,https://fias-activos.github.io/consulta/?codigo=FIAS.18.01.089
FIAS.18.01.090,SILLA OPERATIVA 2,https://fias-activos.github.io/consulta/?codigo=FIAS.18.01.090
FIAS.18.01.091,SILLA OPERATIVA 2,https://fias-activos.github.io/consulta/?codigo=FIAS.18.01.091
FIAS.18.01.092,SILLA OPERATIVA 2,https://fias-activos.github.io/consulta/?codigo=FIAS.18.01.092
FIAS.18.01.093,SILLA OPERATIVA 2,https://fias-activos.github.io/consulta/?codigo=FIAS.18.01.093
FIAS.18.01.094,SILLA OPERATIVA 2,https://fias-activos.github.io/consulta/?codigo=FIAS.18.01.094
FIAS.18.01.095,SILLA OPERATIVA 2,https://fias-activos.github.io/consulta/?codigo=FIAS.18.01.095
FIAS.18.01.096,SILLA OPERATIVA 2,https://fias-activos.github.io/consulta/?codigo=FIAS.18.01.096
FIAS.18.01.097,SILLA OPERATIVA 2,https://fias-activos.github.io/consulta/?codigo=FIAS.18.01.097
FIAS.18.01.098,SILLA OPERATIVA 2,https://fias-activos.github.io/consulta/?codigo=FIAS.18.01.098
FIAS.18.01.099,SILLA OPERATIVA 2,https://fias-activos.github.io/consulta/?codigo=FIAS.18.01.099
FIAS.18.01.100,SILLA OPERATIVA 2,https://fias-activos.github.io/consulta/?codigo=FIAS.18.01.100
FIAS.18.01.103,SILLA BUTTERFLY 2,https://fias-activos.github.io/consulta/?codigo=FIAS.18.01.103
FIAS.18.01.105,SILLA BUTTERFLY 2,https://fias-activos.github.io/consulta/?codigo=FIAS.18.01.105
FIAS.18.01.106,SILLA BUTTERFLY 2,https://fias-activos.github.io/consulta/?codigo=FIAS.18.01.106
FIAS.18.01.107,SILLA BUTTERFLY 2,https://fias-activos.github.io/consulta/?codigo=FIAS.18.01.107
FIAS.18.01.108,SILLA BUTTERFLY 2,https://fias-activos.github.io/consulta/?codigo=FIAS.18.01.108
FIAS.18.01.109,SILLA BUTTERFLY 2,https://fias-activos.github.io/consulta/?codigo=FIAS.18.01.109
FIAS.18.01.110,SILLA BUTTERFLY 2,https://fias-activos.github.io/consulta/?codigo=FIAS.18.01.110
FIAS.18.01.111,SILLA BUTTERFLY 2,https://fias-activos.github.io/consulta/?codigo=FIAS.18.01.111
FIAS.18.01.112,SILLA BUTTERFLY 2,https://fias-activos.github.io/consulta/?codigo=FIAS.18.01.112
FIAS.18.01.113,SILLA BUTTERFLY 2,https://fias-activos.github.io/consulta/?codigo=FIAS.18.01.113
FIAS.18.01.115,SILLA BUTTERFLY 2,https://fias-activos.github.io/consulta/?codigo=FIAS.18.01.115
FIAS.18.01.116,SILLA BUTTERFLY 2,https://fias-activos.github.io/consulta/?codigo=FIAS.18.01.116
FIAS.18.01.117,SILLA BUTTERFLY 2,https://fias-activos.github.io/consulta/?codigo=FIAS.18.01.117
FIAS.18.01.119,SILLA BUTTERFLY 2,https://fias-activos.github.io/consulta/?codigo=FIAS.18.01.119
FIAS.18.01.120,SILLA BUTTERFLY 2,https://fias-activos.github.io/consulta/?codigo=FIAS.18.01.120
FIAS.18.01.126,BIBLIOTECA,https://fias-activos.github.io/consulta/?codigo=FIAS.18.01.126
FIAS.18.01.127,CREDENZA,https://fias-activos.github.io/consulta/?codigo=FIAS.18.01.127
FIAS.18.01.128,BIBLIOTECA,https://fias-activos.github.io/consulta/?codigo=FIAS.18.01.128
FIAS.18.01.010,AMPLIACIÓN CREDENZAS ALTAS,https://fias-activos.github.io/consulta/?codigo=FIAS.18.01.010
FIAS.18.01.013,AMPLIACIÓN CREDENZAS ALTAS,https://fias-activos.github.io/consulta/?codigo=FIAS.18.01.013
FIAS.18.01.129,AMPLIACIÓN CREDENZAS ALTAS,https://fias-activos.github.io/consulta/?codigo=FIAS.18.01.129
FIAS.18.01.130,AMPLIACIÓN CREDENZAS ALTAS,https://fias-activos.github.io/consulta/?codigo=FIAS.18.01.130
FIAS.18.01.131,AMPLIACIÓN CREDENZAS ALTAS,https://fias-activos.github.io/consulta/?codigo=FIAS.18.01.131
FIAS.18.01.132,SOFA BIPERSONAL,https://fias-activos.github.io/consulta/?codigo=FIAS.18.01.132
FIAS.18.01.012,MESA AUXILIAR,https://fias-activos.github.io/consulta/?codigo=FIAS.18.01.012
FIAS.18.01.133,BIBLIOTECA ALTA ADMINISTRACIÓN,https://fias-activos.github.io/consulta/?codigo=FIAS.18.01.133
FIAS.18.01.134,BIBLIOTECA,https://fias-activos.github.io/consulta/?codigo=FIAS.18.01.134
FIAS.18.01.135,CREDENZA,https://fias-activos.github.io/consulta/?codigo=FIAS.18.01.135
FIAS.19.02.51,REFRIGERADORA,https://fias-activos.github.io/consulta/?codigo=FIAS.19.02.51
FIAS.19.03.032,CAMARA PROFESIONAL,https://fias-activos.github.io/consulta/?codigo=FIAS.19.03.032
FIAS.18.03.028,COMPUTADOR PORTATIL,https://fias-activos.github.io/consulta/?codigo=FIAS.18.03.028
FIAS.19.03.029,COMPUTADOR PORTATIL,https://fias-activos.github.io/consulta/?codigo=FIAS.19.03.029
FIAS.21.01.136,SOFA DOBLE,https://fias-activos.github.io/consulta/?codigo=FIAS.21.01.136
FIAS.20.02.52,CLIMATIZADOR,https://fias-activos.github.io/consulta/?codigo=FIAS.20.02.52
FIAS.20.02.53,CLIMATIZADOR,https://fias-activos.github.io/consulta/?codigo=FIAS.20.02.53
FIAS.20.02.54,CLIMATIZADOR,https://fias-activos.github.io/consulta/?codigo=FIAS.20.02.54
FIAS.20.02.55,CLIMATIZADOR,https://fias-activos.github.io/consulta/?codigo=FIAS.20.02.55
FIAS.20.02.56,CLIMATIZADOR,https://fias-activos.github.io/consulta/?codigo=FIAS.20.02.56
FIAS.20.02.57,COCHE DE LIMPIEZA,https://fias-activos.github.io/consulta/?codigo=FIAS.20.02.57
FIAS.20.02.58,CARRITO DE SERVICIO,https://fias-activos.github.io/consulta/?codigo=FIAS.20.02.58
FIAS.20.03.030,COMPUTADOR PORTATIL,https://fias-activos.github.io/consulta/?codigo=FIAS.20.03.030
FIAS.20.03.031,COMPUTADOR PORTATIL,https://fias-activos.github.io/consulta/?codigo=FIAS.20.03.031
FIAS.20.03.032,COMPUTADOR PORTATIL,https://fias-activos.github.io/consulta/?codigo=FIAS.20.03.032
FIAS.20.03.033,COMPUTADOR PORTATIL,https://fias-activos.github.io/consulta/?codigo=FIAS.20.03.033
FIAS.20.03.035,PROYECTOR,https://fias-activos.github.io/consulta/?codigo=FIAS.20.03.035
FIAS.20.03.036,PROYECTOR,https://fias-activos.github.io/consulta/?codigo=FIAS.20.03.036
FIAS.20.03.037,DISCO DURO PORTABLE,https://fias-activos.github.io/consulta/?codigo=FIAS.20.03.037
FIAS.20.03.034,COMPUTADOR PORTATIL,https://fias-activos.github.io/consulta/?codigo=FIAS.20.03.034
FIAS.20.02.59,GRABADORA DIGITAL,https://fias-activos.github.io/consulta/?codigo=FIAS.20.02.59
MOE001REM.1,ESCRITORIO TIPO L,https://fias-activos.github.io/consulta/?codigo=MOE001REM.1
MOE001REM.2,ESCRITORIO TIPO L,https://fias-activos.github.io/consulta/?codigo=MOE001REM.2
MOE001REM.3,ESCRITORIO TIPO L,https://fias-activos.github.io/consulta/?codigo=MOE001REM.3
MOE001REM.4,ESCRITORIO TIPO L,https://fias-activos.github.io/consulta/?codigo=MOE001REM.4
MOE001REM.5,ESCRITORIO TIPO L,https://fias-activos.github.io/consulta/?codigo=MOE001REM.5
MOE001REM.6,ESCRITORIO TIPO L,https://fias-activos.github.io/consulta/?codigo=MOE001REM.6
MOE001REM.7,ESCRITORIO TIPO L,https://fias-activos.github.io/consulta/?codigo=MOE001REM.7
MOE001REM.8,ESCRITORIO RECTO,https://fias-activos.github.io/consulta/?codigo=MOE001REM.8
MOE001REM.9,ESCRITORIO RECTO,https://fias-activos.github.io/consulta/?codigo=MOE001REM.9
MOE001REM.10,MUEBLE ARCHIVO BAJO,https://fias-activos.github.io/consulta/?codigo=MOE001REM.10
MOE001REM.11,MESA REUNIONES,https://fias-activos.github.io/consulta/?codigo=MOE001REM.11
MOE001REM.12,MODULO DE ARCHIVO BIBLIOTECAS ALTAS,https://fias-activos.github.io/consulta/?codigo=MOE001REM.12
MOE001REM.13,MODULO DE ARCHIVO BIBLIOTECAS ALTAS,https://fias-activos.github.io/consulta/?codigo=MOE001REM.13
MOE001REM.14,MODULO DE ARCHIVO BIBLIOTECAS ALTAS,https://fias-activos.github.io/consulta/?codigo=MOE001REM.14
MOE001REM.15,MODULO DE ARCHIVO BIBLIOTECAS ALTAS,https://fias-activos.github.io/consulta/?codigo=MOE001REM.15
MOE001REM.16,MODULO DE ARCHIVO BIBLIOTECAS ALTAS,https://fias-activos.github.io/consulta/?codigo=MOE001REM.16
MOE001REM.17,MODULO DE ARCHIVO BIBLIOTECAS ALTAS,https://fias-activos.github.io/consulta/?codigo=MOE001REM.17
MOE001REM.18,MODULO DE ARCHIVO BIBLIOTECAS ALTAS,https://fias-activos.github.io/consulta/?codigo=MOE001REM.18
MOE001REM.19,MODULO DE ARCHIVO BIBLIOTECAS ALTAS,https://fias-activos.github.io/consulta/?codigo=MOE001REM.19
MOE001REM.20,ESTACIÓN TRABAJO,https://fias-activos.github.io/consulta/?codigo=MOE001REM.20
MOE001REM.21,ESTACIÓN TRABAJO,https://fias-activos.github.io/consulta/?codigo=MOE001REM.21
MOE001REM.22,COUNTER RECEPCIÓN,https://fias-activos.github.io/consulta/?codigo=MOE001REM.22
MOE001REM.23,REPISERO TROFEOS,https://fias-activos.github.io/consulta/?codigo=MOE001REM.23
MOE001REM.24,MUEBLES ARCHIVADORES BAJOS,https://fias-activos.github.io/consulta/?codigo=MOE001REM.24
MOE001REM.25,MUEBLES ARCHIVADORES BAJOS,https://fias-activos.github.io/consulta/?codigo=MOE001REM.25
MOE001REM.26,SILLA PRESIDENTE,https://fias-activos.github.io/consulta/?codigo=MOE001REM.26
MOE001REM.27,SILLA PRESIDENTE,https://fias-activos.github.io/consulta/?codigo=MOE001REM.27
MOE001REM.28,SILLA PRESIDENTE,https://fias-activos.github.io/consulta/?codigo=MOE001REM.28
MOE001REM.29,SILLA PRESIDENTE,https://fias-activos.github.io/consulta/?codigo=MOE001REM.29
MOE001REM.30,SILLA PRESIDENTE,https://fias-activos.github.io/consulta/?codigo=MOE001REM.30
MOE001REM.31,SILLA PRESIDENTE,https://fias-activos.github.io/consulta/?codigo=MOE001REM.31
MOE001REM.32,SILLA PRESIDENTE,https://fias-activos.github.io/consulta/?codigo=MOE001REM.32
MOE001REM.33,SILLA PRESIDENTE,https://fias-activos.github.io/consulta/?codigo=MOE001REM.33
MOE001REM.34,SILLA PRESIDENTE,https://fias-activos.github.io/consulta/?codigo=MOE001REM.34
MOE001REM.35,SILLA PRESIDENTE,https://fias-activos.github.io/consulta/?codigo=MOE001REM.35
MOE001REM.36,SILLA PRESIDENTE,https://fias-activos.github.io/consulta/?codigo=MOE001REM.36
MOE001REM.37,SILLA PRESIDENTE,https://fias-activos.github.io/consulta/?codigo=MOE001REM.37
MOE001REM.38,SILLA PRESIDENTE,https://fias-activos.github.io/consulta/?codigo=MOE001REM.38
MOE001REM.39,SILLA PRESIDENTE,https://fias-activos.github.io/consulta/?codigo=MOE001REM.39
MOE001REM.40,SILLA PRESIDENTE,https://fias-activos.github.io/consulta/?codigo=MOE001REM.40
MOE001REM.41,SILLA PRESIDENTE,https://fias-activos.github.io/consulta/?codigo=MOE001REM.41
MOE001REM.42,SILLA PRESIDENTE,https://fias-activos.github.io/consulta/?codigo=MOE001REM.42
MOE001REM.43,SILLA VISITA,https://fias-activos.github.io/consulta/?codigo=MOE001REM.43
MOE001REM.44,SILLA VISITA,https://fias-activos.github.io/consulta/?codigo=MOE001REM.44
MOE001REM.45,SILLA VISITA,https://fias-activos.github.io/consulta/?codigo=MOE001REM.45
MOE001REM.46,SILLA VISITA,https://fias-activos.github.io/consulta/?codigo=MOE001REM.46
MOE001REM.47,SILLA VISITA,https://fias-activos.github.io/consulta/?codigo=MOE001REM.47
MOE001REM.48,SILLA VISITA,https://fias-activos.github.io/consulta/?codigo=MOE001REM.48
MOE001REM.49,SILLA RECEPCIÓN,https://fias-activos.github.io/consulta/?codigo=MOE001REM.49
MOE001REM.50,SILLA RECEPCIÓN,https://fias-activos.github.io/consulta/?codigo=MOE001REM.50
MOE001REM.51,MESA,https://fias-activos.github.io/consulta/?codigo=MOE001REM.51
MOE001REM.53,PANELES,https://fias-activos.github.io/consulta/?codigo=MOE001REM.53
MOE001REM.54,PANELES,https://fias-activos.github.io/consulta/?codigo=MOE001REM.54
MOE001REM.55,PANELES,https://fias-activos.github.io/consulta/?codigo=MOE001REM.55
MOE001REM.56,PANELES,https://fias-activos.github.io/consulta/?codigo=MOE001REM.56
MOE001REM.57,PANELES,https://fias-activos.github.io/consulta/?codigo=MOE001REM.57
MOE001REM.58,PANELES,https://fias-activos.github.io/consulta/?codigo=MOE001REM.58
MOE001REM.59,ESTACIONES MARK,https://fias-activos.github.io/consulta/?codigo=MOE001REM.59
MOE001REM.60,ESTACIONES MARK,https://fias-activos.github.io/consulta/?codigo=MOE001REM.60
MOE001REM.61,SILLA PRESIDENTE,https://fias-activos.github.io/consulta/?codigo=MOE001REM.61
MOE001REM.62,SILLA PRESIDENTE,https://fias-activos.github.io/consulta/?codigo=MOE001REM.62
MOE001REM.63,SILLA PRESIDENTE,https://fias-activos.github.io/consulta/?codigo=MOE001REM.63
FIAS.20.03.027,SISTEMA DE VIDEO CONFERENCIA,https://fias-activos.github.io/consulta/?codigo=FIAS.20.03.027
FIAS.20.03.042,COMPUTADOR PORTATIL,https://fias-activos.github.io/consulta/?codigo=FIAS.20.03.042
FIAS.20.03.038,COMPUTADOR PORTATIL,https://fias-activos.github.io/consulta/?codigo=FIAS.20.03.038
FIAS.20.03.039,COMPUTADOR PORTATIL,https://fias-activos.github.io/consulta/?codigo=FIAS.20.03.039
FIAS.20.03.040,COMPUTADOR PORTATIL,https://fias-activos.github.io/consulta/?codigo=FIAS.20.03.040
FIAS.20.03.041,COMPUTADOR PORTATIL,https://fias-activos.github.io/consulta/?codigo=FIAS.20.03.041
FIAS.20.03.043,COMPUTADOR PORTATIL,https://fias-activos.github.io/consulta/?codigo=FIAS.20.03.043
FIAS.20.03.008,MONITOR,https://fias-activos.github.io/consulta/?codigo=FIAS.20.03.008
SOFTWARE,23 LICENCIAS ANTIVIRUS,https://fias-activos.github.io/consulta/?codigo=SOFTWARE
FIAS.18.01.028,ESCRITORIO OPERATIVO EN L. LÍNEA BE.,https://fias-activos.github.io/consulta/?codigo=FIAS.18.01.028
FIAS.21.03.044,COMPUTADOR PORTATIL,https://fias-activos.github.io/consulta/?codigo=FIAS.21.03.044
FIAS.21.03.045,COMPUTADOR PORTATIL,https://fias-activos.github.io/consulta/?codigo=FIAS.21.03.045
FIAS.21.03.046,COMPUTADOR PORTATIL,https://fias-activos.github.io/consulta/?codigo=FIAS.21.03.046
FIAS.21.02.061,COCHE PLATAFORMA + ESCALERA,https://fias-activos.github.io/consulta/?codigo=FIAS.21.02.061
MOE015REM.1,ESCRITORIO TIPO L,https://fias-activos.github.io/consulta/?codigo=MOE015REM.1
MOE015REM.2,ESCRITORIO TIPO L,https://fias-activos.github.io/consulta/?codigo=MOE015REM.2
MOE015REM.3,SILLA OPERATIVA,https://fias-activos.github.io/consulta/?codigo=MOE015REM.3
MOE015REM.4,SILLA OPERATIVA,https://fias-activos.github.io/consulta/?codigo=MOE015REM.4
MOE015REM.5,SILLA OPERATIVA,https://fias-activos.github.io/consulta/?codigo=MOE015REM.5
MOE015REM.6,SILLA OPERATIVA,https://fias-activos.github.io/consulta/?codigo=MOE015REM.6
MOE015REM.7,SILLA OPERATIVA,https://fias-activos.github.io/consulta/?codigo=MOE015REM.7
MOE015REM.8,SILLA OPERATIVA,https://fias-activos.github.io/consulta/?codigo=MOE015REM.8
MOE015REM.9,ESTACIÓN TRABAJO,https://fias-activos.github.io/consulta/?codigo=MOE015REM.9
MOE015REM.10,SILLA VISITA,https://fias-activos.github.io/consulta/?codigo=MOE015REM.10
MOE015REM.11,SILLA VISITA,https://fias-activos.github.io/consulta/?codigo=MOE015REM.11
FIAS.21.01.137,SOFA DE  ESPERA,https://fias-activos.github.io/consulta/?codigo=FIAS.21.01.137
FIAS.21.01.138,CREDENZA PARA RECEPCIÓN,https://fias-activos.github.io/consulta/?codigo=FIAS.21.01.138
FIAS.21.01.139,MUEBLE TIPO LOCKER,https://fias-activos.github.io/consulta/?codigo=FIAS.21.01.139
FIAS.21.01.140,CREDENZA DE ARCHIVACIÓN,https://fias-activos.github.io/consulta/?codigo=FIAS.21.01.140
FIAS.21.01.141,MUEBLE PARA IMPRESORA,https://fias-activos.github.io/consulta/?codigo=FIAS.21.01.141
FIAS.21.01.214,BIBLIOTECA,https://fias-activos.github.io/consulta/?codigo=FIAS.21.01.214
FIAS.21.01.144,MUEBLE TIPO CREDENZA,https://fias-activos.github.io/consulta/?codigo=FIAS.21.01.144
FIAS.21.01.177,SILLA DE VISITAS,https://fias-activos.github.io/consulta/?codigo=FIAS.21.01.177
FIAS.21.01.178,SILLA DE VISITAS,https://fias-activos.github.io/consulta/?codigo=FIAS.21.01.178
FIAS.21.01.212,ESCRITORIO CON BIBLIOTECA,https://fias-activos.github.io/consulta/?codigo=FIAS.21.01.212
FIAS.21.01.213,ESCRITORIO CON BIBLIOTECA,https://fias-activos.github.io/consulta/?codigo=FIAS.21.01.213
FIAS.21.01.233,ESCRITORIO CON BIBLIOTECA,https://fias-activos.github.io/consulta/?codigo=FIAS.21.01.233
FIAS.21.01.215,ESCRITORIO CON BIBLIOTECA,https://fias-activos.github.io/consulta/?codigo=FIAS.21.01.215
FIAS.21.01.216,ESCRITORIO CON BIBLIOTECA,https://fias-activos.github.io/consulta/?codigo=FIAS.21.01.216
FIAS.21.01.217,CAUNTER RECEPCIÓN,https://fias-activos.github.io/consulta/?codigo=FIAS.21.01.217
FIAS.21.01.218,SILLA OPERATIVA,https://fias-activos.github.io/consulta/?codigo=FIAS.21.01.218
FIAS.21.01.219,SILLA OPERATIVA,https://fias-activos.github.io/consulta/?codigo=FIAS.21.01.219
FIAS.21.01.220,SILLA OPERATIVA,https://fias-activos.github.io/consulta/?codigo=FIAS.21.01.220
FIAS.21.01.221,SILLA OPERATIVA,https://fias-activos.github.io/consulta/?codigo=FIAS.21.01.221
FIAS.21.01.222,SILLA OPERATIVA,https://fias-activos.github.io/consulta/?codigo=FIAS.21.01.222
FIAS.21.01.223,TABURETE CAFETERÍA,https://fias-activos.github.io/consulta/?codigo=FIAS.21.01.223
FIAS.21.01.224,TABURETE CAFETERÍA,https://fias-activos.github.io/consulta/?codigo=FIAS.21.01.224
FIAS.21.01.225,TABURETE CAFETERÍA,https://fias-activos.github.io/consulta/?codigo=FIAS.21.01.225
FIAS.21.01.226,TABURETE CAFETERÍA,https://fias-activos.github.io/consulta/?codigo=FIAS.21.01.226
FIAS.21.01.227,CREDENZA – MUEBLE,https://fias-activos.github.io/consulta/?codigo=FIAS.21.01.227
FIAS.21.01.228,CREDENZA – MUEBLE,https://fias-activos.github.io/consulta/?codigo=FIAS.21.01.228
FIAS.21.01.229,CREDENZA – MUEBLE,https://fias-activos.github.io/consulta/?codigo=FIAS.21.01.229
FIAS.21.01.230,CREDENZA – MUEBLE,https://fias-activos.github.io/consulta/?codigo=FIAS.21.01.230
FIAS.21.01.231,MESÓN CAFETERÍA,https://fias-activos.github.io/consulta/?codigo=FIAS.21.01.231
FIAS.21.01.232,MUEBLE AÉREO,https://fias-activos.github.io/consulta/?codigo=FIAS.21.01.232
FIAS.21.02.60,PANEL LED +PEDESTAL+MICROF,https://fias-activos.github.io/consulta/?codigo=FIAS.21.02.60
FIAS.21.03.049,COMPUTADOR PORTATIL,https://fias-activos.github.io/consulta/?codigo=FIAS.21.03.049
FIAS.21.03.047,COMPUTADOR PORTATIL,https://fias-activos.github.io/consulta/?codigo=FIAS.21.03.047
FIAS.21.03.048,COMPUTADOR PORTATIL,https://fias-activos.github.io/consulta/?codigo=FIAS.21.03.048
FIAS.21.03.050,COMPUTADOR PORTATIL,https://fias-activos.github.io/consulta/?codigo=FIAS.21.03.050
FIAS.21.03.029,IMPRESORA MULTIFUNCIÓN,https://fias-activos.github.io/consulta/?codigo=FIAS.21.03.029
FIAS.21.03.031,IMPRESORA MULTIFUNCIÓN,https://fias-activos.github.io/consulta/?codigo=FIAS.21.03.031
FIAS.21.02.009,CLIMATIZADOR,https://fias-activos.github.io/consulta/?codigo=FIAS.21.02.009
FIAS.21.01.195,ESCRITORIO EN L,https://fias-activos.github.io/consulta/?codigo=FIAS.21.01.195
FIAS.21.01.196,ESCRITORIO EN L,https://fias-activos.github.io/consulta/?codigo=FIAS.21.01.196
FIAS.21.01.15,ESCRITORIO BIBLIOTECA,https://fias-activos.github.io/consulta/?codigo=FIAS.21.01.15
FIAS.21.01.199,BIBLIOTECA ALTA,https://fias-activos.github.io/consulta/?codigo=FIAS.21.01.199
FIAS.21.01.202,CREDENZA,https://fias-activos.github.io/consulta/?codigo=FIAS.21.01.202
FIAS.21.01.101,SILLA OPERATIVAS,https://fias-activos.github.io/consulta/?codigo=FIAS.21.01.101
FIAS.21.01.016,SILLA OPERATIVAS,https://fias-activos.github.io/consulta/?codigo=FIAS.21.01.016
FIAS.21.01.017,SILLA OPERATIVAS,https://fias-activos.github.io/consulta/?codigo=FIAS.21.01.017
FIAS.21.01.203,SILLA OPERATIVAS,https://fias-activos.github.io/consulta/?codigo=FIAS.21.01.203
FIAS.21.01.204,SILLA OPERATIVAS,https://fias-activos.github.io/consulta/?codigo=FIAS.21.01.204
FIAS.21.01.205,SILLA OPERATIVAS,https://fias-activos.github.io/consulta/?codigo=FIAS.21.01.205
FIAS.21.01.206,MUEBLE AÉREO,https://fias-activos.github.io/consulta/?codigo=FIAS.21.01.206
FIAS.21.01.211,MUEBLE IMPRESORA,https://fias-activos.github.io/consulta/?codigo=FIAS.21.01.211
MOE014REM.1,MESA DE REUNIONES,https://fias-activos.github.io/consulta/?codigo=MOE014REM.1
MOE014REM.2,ESCRITORIO BIBLIOTECA,https://fias-activos.github.io/consulta/?codigo=MOE014REM.2
MOE014REM.3,ESCRITORIO BIBLIOTECA,https://fias-activos.github.io/consulta/?codigo=MOE014REM.3
MOE014REM.4,ESCRITORIO BIBLIOTECA,https://fias-activos.github.io/consulta/?codigo=MOE014REM.4
MOE014REM.5,ESCRITORIO BIBLIOTECA,https://fias-activos.github.io/consulta/?codigo=MOE014REM.5
MOE014REM.7,SILLA OPERATIVA,https://fias-activos.github.io/consulta/?codigo=MOE014REM.7
MOE014REM.8,SILLA OPERATIVA,https://fias-activos.github.io/consulta/?codigo=MOE014REM.8
MOE014REM.9,MUEBLE CAFETERÍA,https://fias-activos.github.io/consulta/?codigo=MOE014REM.9
MOE014REM.10,BUTACA CAFETERÍA,https://fias-activos.github.io/consulta/?codigo=MOE014REM.10
MOE014REM.11,BUTACA CAFETERÍA,https://fias-activos.github.io/consulta/?codigo=MOE014REM.11
MOE014REM.12,BUTACA CAFETERÍA,https://fias-activos.github.io/consulta/?codigo=MOE014REM.12
MOE014REM.13,BUTACA CAFETERÍA,https://fias-activos.github.io/consulta/?codigo=MOE014REM.13
MOE014REM.14,MESÓN CAFETERÍA,https://fias-activos.github.io/consulta/?codigo=MOE014REM.14
MOE014REM.15,SILLA SALA,https://fias-activos.github.io/consulta/?codigo=MOE014REM.15
MOE014REM.16,SILLA SALA,https://fias-activos.github.io/consulta/?codigo=MOE014REM.16
MOE014REM.17,SILLA SALA,https://fias-activos.github.io/consulta/?codigo=MOE014REM.17
MOE014REM.18,SILLA SALA,https://fias-activos.github.io/consulta/?codigo=MOE014REM.18
MOE014REM.19,SILLA SALA,https://fias-activos.github.io/consulta/?codigo=MOE014REM.19
MOE014REM.20,SILLA SALA,https://fias-activos.github.io/consulta/?codigo=MOE014REM.20
MOE014REM.21,SILLA SALA,https://fias-activos.github.io/consulta/?codigo=MOE014REM.21
MOE014REM.22,SILLA SALA,https://fias-activos.github.io/consulta/?codigo=MOE014REM.22
MOE014REM.23,SILLA SALA,https://fias-activos.github.io/consulta/?codigo=MOE014REM.23
MOE014REM.24,SILLA SALA,https://fias-activos.github.io/consulta/?codigo=MOE014REM.24
MOE014REM.25,SILLA SALA,https://fias-activos.github.io/consulta/?codigo=MOE014REM.25
MOE014REM.26,SILLA SALA,https://fias-activos.github.io/consulta/?codigo=MOE014REM.26
MOE014REM.27,SOPORTE TV,https://fias-activos.github.io/consulta/?codigo=MOE014REM.27
MOE014REM.28,PUERTA CORREDIZA,https://fias-activos.github.io/consulta/?codigo=MOE014REM.28
MOE014REM.29,MUEBLE CAFETERÍA,https://fias-activos.github.io/consulta/?codigo=MOE014REM.29
FIAS.21.01.187,REPISERO,https://fias-activos.github.io/consulta/?codigo=FIAS.21.01.187
FIAS.21.01.188,ARCHIVADOR,https://fias-activos.github.io/consulta/?codigo=FIAS.21.01.188
FIAS.21.01.189,LACTARIO,https://fias-activos.github.io/consulta/?codigo=FIAS.21.01.189
FIAS.22.03.051,TECLADO,https://fias-activos.github.io/consulta/?codigo=FIAS.22.03.051
FIAS.23.03.052,MONITOR,https://fias-activos.github.io/consulta/?codigo=FIAS.23.03.052
FIAS.23.03.053,MONITOR,https://fias-activos.github.io/consulta/?codigo=FIAS.23.03.053
FIAS.23.03.054,COMPUTADOR PORTATIL,https://fias-activos.github.io/consulta/?codigo=FIAS.23.03.054
FIAS.23.03.055,COMPUTADOR PORTATIL,https://fias-activos.github.io/consulta/?codigo=FIAS.23.03.055
FIAS.23.03.056,COMPUTADOR PORTATIL,https://fias-activos.github.io/consulta/?codigo=FIAS.23.03.056
FIAS.23.03.057,COMPUTADOR PORTATIL,https://fias-activos.github.io/consulta/?codigo=FIAS.23.03.057
FIAS.23.03.058,COMPUTADOR PORTATIL,https://fias-activos.github.io/consulta/?codigo=FIAS.23.03.058
FIAS.23.03.059,COMPUTADOR PORTATIL,https://fias-activos.github.io/consulta/?codigo=FIAS.23.03.059
FIAS.23.03.060,COMPUTADOR PORTATIL,https://fias-activos.github.io/consulta/?codigo=FIAS.23.03.060
FIAS.24.02.062,MICROONDAS,https://fias-activos.github.io/consulta/?codigo=FIAS.24.02.062
EC761UGP,DISCO EXTERNO,https://fias-activos.github.io/consulta/?codigo=EC761UGP
FIAS.24.01.189,CAMILLA,https://fias-activos.github.io/consulta/?codigo=FIAS.24.01.189
FIAS.25.03.063,IMPRESORA MULTIFUNCIÓN,https://fias-activos.github.io/consulta/?codigo=FIAS.25.03.063
FIAS.25.03.061,MONITOR,https://fias-activos.github.io/consulta/?codigo=FIAS.25.03.061
FIAS.25.03.062,MONITOR,https://fias-activos.github.io/consulta/?codigo=FIAS.25.03.062
FIAS.25.03.064,MONITOR,https://fias-activos.github.io/consulta/?codigo=FIAS.25.03.064
FIAS.25.03.065,COMPUTADOR PORTATIL,https://fias-activos.github.io/consulta/?codigo=FIAS.25.03.065
FIAS.25.03.066,COMPUTADOR PORTATIL,https://fias-activos.github.io/consulta/?codigo=FIAS.25.03.066
FIAS.25.03.067,COMPUTADOR PORTATIL,https://fias-activos.github.io/consulta/?codigo=FIAS.25.03.067
FIAS.25.03.068,COMPUTADOR PORTATIL,https://fias-activos.github.io/consulta/?codigo=FIAS.25.03.068
FIAS.25.03.069,COMPUTADOR PORTATIL,https://fias-activos.github.io/consulta/?codigo=FIAS.25.03.069
FIAS.25.03.070,COMPUTADOR PORTATIL,https://fias-activos.github.io/consulta/?codigo=FIAS.25.03.070
FIAS.25.03.071,COMPUTADOR PORTATIL,https://fias-activos.github.io/consulta/?codigo=FIAS.25.03.071
FIAS.25.03.072,COMPUTADOR PORTATIL,https://fias-activos.github.io/consulta/?codigo=FIAS.25.03.072
FIAS.26.03.073,COMPUTADOR PORTATIL,https://fias-activos.github.io/consulta/?codigo=FIAS.26.03.073
FIAS.26.03.074,COMPUTADOR PORTATIL,https://fias-activos.github.io/consulta/?codigo=FIAS.26.03.074
FIAS.26.03.075,MONITOR,https://fias-activos.github.io/consulta/?codigo=FIAS.26.03.075
FIAS.26.03.076,MONITOR,https://fias-activos.github.io/consulta/?codigo=FIAS.26.03.076
FIAS.26.03.077,ESTABILIZADOR,https://fias-activos.github.io/consulta/?codigo=FIAS.26.03.077
FIAS.26.03.078,MICROFONO DE CORBATA,https://fias-activos.github.io/consulta/?codigo=FIAS.26.03.078
FIAS.26.03.079,TELEFONO CELULAR,https://fias-activos.github.io/consulta/?codigo=FIAS.26.03.079
FIAS.26.03.080,TELEFONO CELULAR,https://fias-activos.github.io/consulta/?codigo=FIAS.26.03.080
FIAS.26.03.081,TELEFONO CELULAR,https://fias-activos.github.io/consulta/?codigo=FIAS.26.03.081
FIAS.26.03.082,TELEFONO CELULAR,https://fias-activos.github.io/consulta/?codigo=FIAS.26.03.082
FIAS.26.03.083,COMPUTADOR PORTATIL,https://fias-activos.github.io/consulta/?codigo=FIAS.26.03.083
FIAS.26.03.084,COMPUTADOR PORTATIL,https://fias-activos.github.io/consulta/?codigo=FIAS.26.03.084
FIAS.26.03.085,COMPUTADOR PORTATIL,https://fias-activos.github.io/consulta/?codigo=FIAS.26.03.085
FIAS.26.03.086,COMPUTADOR PORTATIL,https://fias-activos.github.io/consulta/?codigo=FIAS.26.03.086
FIAS.26.03.087,COMPUTADOR PORTATIL,https://fias-activos.github.io/consulta/?codigo=FIAS.26.03.087
FIAS.26.03.088,COMPUTADOR PORTATIL,https://fias-activos.github.io/consulta/?codigo=FIAS.26.03.088
FIAS.26.03.089,COMPUTADOR PORTATIL,https://fias-activos.github.io/consulta/?codigo=FIAS.26.03.089
FIAS.26.03.090,COMPUTADOR PORTATIL,https://fias-activos.github.io/consulta/?codigo=FIAS.26.03.090
FIAS.26.03.091,COMPUTADOR PORTATIL,https://fias-activos.github.io/consulta/?codigo=FIAS.26.03.091
FIAS.26.03.092,COMPUTADOR PORTATIL,https://fias-activos.github.io/consulta/?codigo=FIAS.26.03.092
FIAS.26.03.093,COMPUTADOR PORTATIL,https://fias-activos.github.io/consulta/?codigo=FIAS.26.03.093
FIAS.26.03.094,COMPUTADOR PORTATIL,https://fias-activos.github.io/consulta/?codigo=FIAS.26.03.094
FIAS.26.03.095,COMPUTADOR PORTATIL,https://fias-activos.github.io/consulta/?codigo=FIAS.26.03.095
FIAS.26.03.096,COMPUTADOR PORTATIL,https://fias-activos.github.io/consulta/?codigo=FIAS.26.03.096
FIAS.26.03.097,COMPUTADOR PORTATIL,https://fias-activos.github.io/consulta/?codigo=FIAS.26.03.097
FIAS.26.03.098,COMPUTADOR PORTATIL,https://fias-activos.github.io/consulta/?codigo=FIAS.26.03.098
FIAS.26.03.099,COMPUTADOR PORTATIL,https://fias-activos.github.io/consulta/?codigo=FIAS.26.03.099
FIAS.26.03.100,COMPUTADOR PORTATIL,https://fias-activos.github.io/consulta/?codigo=FIAS.26.03.100
FIAS.26.03.101,COMPUTADOR PORTATIL,https://fias-activos.github.io/consulta/?codigo=FIAS.26.03.101
FIAS.26.03.102,COMPUTADOR PORTATIL,https://fias-activos.github.io/consulta/?codigo=FIAS.26.03.102
FIAS.26.03.103,MONITOR,https://fias-activos.github.io/consulta/?codigo=FIAS.26.03.103
FIAS.26.03.104,MONITOR,https://fias-activos.github.io/consulta/?codigo=FIAS.26.03.104
FIAS.26.03.105,MONITOR,https://fias-activos.github.io/consulta/?codigo=FIAS.26.03.105
FIAS.26.03.106,MONITOR,https://fias-activos.github.io/consulta/?codigo=FIAS.26.03.106
FIAS.26.03.107,MONITOR,https://fias-activos.github.io/consulta/?codigo=FIAS.26.03.107
FIAS.26.03.108,MONITOR,https://fias-activos.github.io/consulta/?codigo=FIAS.26.03.108
FIAS.26.03.109,MONITOR,https://fias-activos.github.io/consulta/?codigo=FIAS.26.03.109
FIAS.26.03.110,MONITOR,https://fias-activos.github.io/consulta/?codigo=FIAS.26.03.110
FIAS.26.03.111,MONITOR,https://fias-activos.github.io/consulta/?codigo=FIAS.26.03.111
FIAS.26.03.112,MONITOR,https://fias-activos.github.io/consulta/?codigo=FIAS.26.03.112
FIAS.26.03.113,MONITOR,https://fias-activos.github.io/consulta/?codigo=FIAS.26.03.113
FIAS.26.03.114,MONITOR,https://fias-activos.github.io/consulta/?codigo=FIAS.26.03.114
FIAS.26.03.115,MONITOR,https://fias-activos.github.io/consulta/?codigo=FIAS.26.03.115
FIAS.26.03.116,MONITOR,https://fias-activos.github.io/consulta/?codigo=FIAS.26.03.116
FIAS.26.03.117,MONITOR,https://fias-activos.github.io/consulta/?codigo=FIAS.26.03.117
FIAS.26.03.118,IMPRESORA TERMICA,https://fias-activos.github.io/consulta/?codigo=FIAS.26.03.118
